{
    "bestTrial":             {
        "trialIndex": 1,
        "score": 671.1020916146346,
        "parameters": {
            "t_max": 1,
            "hidden_size": 1,
            "variance_scaling_factor": 2,
            "permaban_threshold": 0,
            "learning_rate_base": 1,
            "learning_rate_exponent": 0,
            "beta_base": 2,
            "beta_exponent": 0
        }
    },
    "scoreRange":             {
        "stats": {
            "count": 60,
            "min": -586.6803964432977,
            "max": 671.1020916146346,
            "range": 1257.7824880579324,
            "average": 185.2051643562029,
            "median": -180.62376810066922,
            "sum": 11112.309861372174
        },
        "scoreRange": {
            "linearScores": {
                "[ 97-100%]:  650.1": 3,
                "[ 93- 97%]:  608.2": 3,
                "[ 90- 93%]:  566.2": 1,
                "[ 87- 90%]:  524.3": 4,
                "[ 83- 87%]:  482.4": 2,
                "[ 80- 83%]:  440.5": 2,
                "[ 77- 80%]:  398.5": 9,
                "[ 73- 77%]:  356.6": 6,
                "[ 70- 73%]:  314.7": 2,
                "[ 67- 70%]:  272.8": 2,
                "[ 63- 67%]:  230.8": 1,
                "[ 60- 63%]:  188.9": 3,
                "[ 57- 60%]:  147.0": 0,
                "[ 53- 57%]:  105.0": 0,
                "[ 50- 53%]:   63.1": 0,
                "[ 47- 50%]:   21.2": 1,
                "[ 43- 47%]:  -20.6": 1,
                "[ 40- 43%]:  -62.6": 0,
                "[ 37- 40%]: -104.5": 1,
                "[ 33- 37%]: -146.4": 7,
                "[ 30- 33%]: -188.3": 5,
                "[ 27- 30%]: -230.3": 1,
                "[ 23- 27%]: -272.2": 0,
                "[ 20- 23%]: -314.1": 2,
                "[ 17- 20%]: -356.0": 0,
                "[ 13- 17%]: -398.0": 0,
                "[ 10- 13%]: -439.9": 1,
                "[  7- 10%]: -481.8": 0,
                "[  3-  7%]: -523.7": 1,
                "[  0-  3%]: -565.7": 2
            },
            "dualLogScores": {
                "[ 97-100%]:  553.7": 15,
                "[ 93- 97%]:  360.0": 19,
                "[ 90- 93%]:  233.9": 3,
                "[ 87- 90%]:  151.9": 1,
                "[ 83- 87%]:   98.5": 0,
                "[ 80- 83%]:   63.7": 0,
                "[ 77- 80%]:   41.1": 1,
                "[ 73- 77%]:   26.4": 0,
                "[ 70- 73%]:   16.8": 0,
                "[ 67- 70%]:   10.6": 0,
                "[ 63- 67%]:    6.5": 0,
                "[ 60- 63%]:    3.9": 0,
                "[ 57- 60%]:    2.2": 0,
                "[ 53- 57%]:    1.0": 0,
                "[ 50- 53%]:    0.3": 0,
                "[ 47- 50%]:    0.1": 0,
                "[ 43- 47%]:    0.8": 0,
                "[ 40- 43%]:   -1.8": 0,
                "[ 37- 40%]:   -3.3": 0,
                "[ 33- 37%]:   -5.6": 1,
                "[ 30- 33%]:   -9.1": 0,
                "[ 27- 30%]:  -14.6": 0,
                "[ 23- 27%]:  -22.9": 0,
                "[ 20- 23%]:  -35.8": 0,
                "[ 17- 20%]:  -55.6": 0,
                "[ 13- 17%]:  -86.0": 0,
                "[ 10- 13%]: -132.7": 7,
                "[  7- 10%]: -204.4": 7,
                "[  3-  7%]: -314.6": 2,
                "[  0-  3%]: -484.0": 4
            },
            "forwardLogScores": {
                "[ 97-100%]:  537.8": 19,
                "[ 93- 97%]:  299.5": 17,
                "[ 90- 93%]:  111.6": 3,
                "[ 87- 90%]:  -36.4": 1,
                "[ 83- 87%]: -153.1": 13,
                "[ 80- 83%]: -245.1": 1,
                "[ 77- 80%]: -317.6": 2,
                "[ 73- 77%]: -374.8": 0,
                "[ 70- 73%]: -419.9": 1,
                "[ 67- 70%]: -455.4": 0,
                "[ 63- 67%]: -483.4": 0,
                "[ 60- 63%]: -505.5": 1,
                "[ 57- 60%]: -522.9": 0,
                "[ 53- 57%]: -536.6": 0,
                "[ 50- 53%]: -547.4": 0,
                "[ 47- 50%]: -555.9": 0,
                "[ 43- 47%]: -562.6": 0,
                "[ 40- 43%]: -567.9": 0,
                "[ 37- 40%]: -572.1": 0,
                "[ 33- 37%]: -575.4": 0,
                "[ 30- 33%]: -578.0": 1,
                "[ 27- 30%]: -580.0": 0,
                "[ 23- 27%]: -581.6": 0,
                "[ 20- 23%]: -582.9": 0,
                "[ 17- 20%]: -583.9": 0,
                "[ 13- 17%]: -584.7": 0,
                "[ 10- 13%]: -585.3": 0,
                "[  7- 10%]: -585.8": 0,
                "[  3-  7%]: -586.2": 0,
                "[  0-  3%]: -586.5": 1
            },
            "backwardLogScores": {
                "[ 97-100%]:  670.9": 1,
                "[ 93- 97%]:  670.6": 0,
                "[ 90- 93%]:  670.2": 0,
                "[ 87- 90%]:  669.7": 0,
                "[ 83- 87%]:  669.1": 0,
                "[ 80- 83%]:  668.3": 0,
                "[ 77- 80%]:  667.3": 0,
                "[ 73- 77%]:  666.1": 0,
                "[ 70- 73%]:  664.4": 0,
                "[ 67- 70%]:  662.4": 0,
                "[ 63- 67%]:  659.8": 0,
                "[ 60- 63%]:  656.5": 0,
                "[ 57- 60%]:  652.3": 0,
                "[ 53- 57%]:  647.0": 1,
                "[ 50- 53%]:  640.3": 1,
                "[ 47- 50%]:  631.8": 0,
                "[ 43- 47%]:  621.0": 0,
                "[ 40- 43%]:  607.3": 2,
                "[ 37- 40%]:  589.9": 2,
                "[ 33- 37%]:  567.8": 0,
                "[ 30- 33%]:  539.8": 2,
                "[ 27- 30%]:  504.3": 2,
                "[ 23- 27%]:  459.2": 4,
                "[ 20- 23%]:  402.1": 11,
                "[ 17- 20%]:  329.5": 7,
                "[ 13- 17%]:  237.5": 4,
                "[ 10- 13%]:  120.8": 1,
                "[  7- 10%]:  -27.2": 2,
                "[  3-  7%]: -215.0": 15,
                "[  0-  3%]: -453.4": 5
            }
        }
    },
    "trialString": [
         {"trialIndex":1,"score":671.1020916146346,"parameters":{"t_max":1,"hidden_size":1,"variance_scaling_factor":2,"permaban_threshold":0,"learning_rate_base":1,"learning_rate_exponent":0,"beta_base":2,"beta_exponent":0}},
         {"trialIndex":55,"score":650.022557977565,"parameters":{"t_max":1,"hidden_size":1,"variance_scaling_factor":1,"permaban_threshold":1,"learning_rate_base":1,"learning_rate_exponent":0,"beta_base":1,"beta_exponent":0}},
         {"trialIndex":22,"score":640.4929156862793,"parameters":{"t_max":1,"hidden_size":1,"variance_scaling_factor":2,"permaban_threshold":0,"learning_rate_base":1,"learning_rate_exponent":0,"beta_base":2,"beta_exponent":0}},
         {"trialIndex":11,"score":609.9080790565363,"parameters":{"t_max":1,"hidden_size":1,"variance_scaling_factor":1,"permaban_threshold":0,"learning_rate_base":1,"learning_rate_exponent":0,"beta_base":1,"beta_exponent":0}},
         {"trialIndex":38,"score":605.1465716469595,"parameters":{"t_max":1,"hidden_size":1,"variance_scaling_factor":1,"permaban_threshold":0,"learning_rate_base":1,"learning_rate_exponent":0,"beta_base":2,"beta_exponent":0}},
         {"trialIndex":44,"score":598.1758965494255,"parameters":{"t_max":0,"hidden_size":1,"variance_scaling_factor":1,"permaban_threshold":0,"learning_rate_base":1,"learning_rate_exponent":0,"beta_base":1,"beta_exponent":1}},
         {"trialIndex":14,"score":581.125972595316,"parameters":{"t_max":1,"hidden_size":1,"variance_scaling_factor":1,"permaban_threshold":0,"learning_rate_base":1,"learning_rate_exponent":0,"beta_base":1,"beta_exponent":1}},
         {"trialIndex":26,"score":540.0696130699116,"parameters":{"t_max":1,"hidden_size":1,"variance_scaling_factor":1,"permaban_threshold":0,"learning_rate_base":1,"learning_rate_exponent":0,"beta_base":1,"beta_exponent":0}},
         {"trialIndex":45,"score":530.7389669271386,"parameters":{"t_max":0,"hidden_size":1,"variance_scaling_factor":1,"permaban_threshold":1,"learning_rate_base":1,"learning_rate_exponent":0,"beta_base":2,"beta_exponent":2}},
         {"trialIndex":34,