{
    "bestTrial":             {
        "trialIndex": 4,
        "score": -697.9788391554436,
        "parameters": {
            "activation": 0,
            "t_max": 4,
            "hidden_size": 2,
            "variance_scaling_factor": 0,
            "permaban_threshold": 3,
            "learning_rate_base": 2,
            "learning_rate_exponent": 6,
            "beta_base": 4,
            "beta_exponent": 2
        }
    },
    "scoreRange":             {
        "stats": {
            "count": 5,
            "min": -128783703212528.92,
            "max": -697.9788391554436,
            "range": 128783703211830.94,
            "average": -25756740685381.652,
            "median": -1460.3949249745724,
            "sum": -128783703426908.27
        },
        "scoreRange": {
            "linearScores": {
                "[ 97-100%]:   -2,146,395,054,228.5": 4,
                "[ 93- 97%]:   -6,439,185,161,289.5": 0,
                "[ 90- 93%]:  -10,731,975,268,350.5": 0,
                "[ 87- 90%]:  -15,024,765,375,411.5": 0,
                "[ 83- 87%]:  -19,317,555,482,472.6": 0,
                "[ 80- 83%]:  -23,610,345,589,533.6": 0,
                "[ 77- 80%]:  -27,903,135,696,594.6": 0,
                "[ 73- 77%]:  -32,195,925,803,655.7": 0,
                "[ 70- 73%]:  -36,488,715,910,716.7": 0,
                "[ 67- 70%]:  -40,781,506,017,777.7": 0,
                "[ 63- 67%]:  -45,074,296,124,838.8": 0,
                "[ 60- 63%]:  -49,367,086,231,899.8": 0,
                "[ 57- 60%]:  -53,659,876,338,960.8": 0,
                "[ 53- 57%]:  -57,952,666,446,021.9": 0,
                "[ 50- 53%]:  -62,245,456,553,082.9": 0,
                "[ 47- 50%]:  -66,538,246,660,143.9": 0,
                "[ 43- 47%]:  -70,831,036,767,205.0": 0,
                "[ 40- 43%]:  -75,123,826,874,266.0": 0,
                "[ 37- 40%]:  -79,416,616,981,327.0": 0,
                "[ 33- 37%]:  -83,709,407,088,388.0": 0,
                "[ 30- 33%]:  -88,002,197,195,449.1": 0,
                "[ 27- 30%]:  -92,294,987,302,510.1": 0,
                "[ 23- 27%]:  -96,587,777,409,571.1": 0,
                "[ 20- 23%]: -100,880,567,516,632.2": 0,
                "[ 17- 20%]: -105,173,357,623,693.2": 0,
                "[ 13- 17%]: -109,466,147,730,754.2": 0,
                "[ 10- 13%]: -113,758,937,837,815.3": 0,
                "[  7- 10%]: -118,051,727,944,876.3": 0,
                "[  3-  7%]: -122,344,518,051,937.3": 0,
                "[  0-  3%]: -126,637,308,158,998.4": 1
            },
            "dualLogScores": {
                "[ 97-100%]:              -1,178.2": 3,
                "[ 93- 97%]:              -2,798.7": 0,
                "[ 90- 93%]:              -6,646.0": 0,
                "[ 87- 90%]:             -15,780.2": 0,
                "[ 83- 87%]:             -37,466.5": 0,
                "[ 80- 83%]:             -88,953.5": 0,
                "[ 77- 80%]:            -211,192.8": 1,
                "[ 73- 77%]:            -501,410.8": 0,
                "[ 70- 73%]:          -1,190,439.8": 0,
                "[ 67- 70%]:          -2,826,317.1": 0,
                "[ 63- 67%]:          -6,710,180.7": 0,
                "[ 60- 63%]:         -15,931,163.1": 0,
                "[ 57- 60%]:         -37,823,414.3": 0,
                "[ 53- 57%]:         -89,799,509.7": 0,
                "[ 50- 53%]:        -213,199,998.8": 0,
                "[ 47- 50%]:        -506,174,693.4": 0,
                "[ 43- 47%]:      -1,201,748,692.8": 0,
                "[ 40- 43%]:      -2,853,165,000.8": 0,
                "[ 37- 40%]:      -6,773,920,844.2": 0,
                "[ 33- 37%]:     -16,082,492,104.2": 0,
                "[ 30- 33%]:     -38,182,694,811.0": 0,
                "[ 27- 30%]:     -90,652,504,198.4": 0,
                "[ 23- 27%]:    -215,225,157,837.9": 0,
                "[ 20- 23%]:    -510,982,779,524.5": 0,
                "[ 17- 20%]:  -1,213,163,942,325.1": 0,
                "[ 13- 17%]:  -2,880,266,830,765.3": 0,
                "[ 10- 13%]:  -6,838,265,404,183.5": 0,
                "[  7- 10%]: -16,235,257,524,950.3": 0,
                "[  3-  7%]: -38,545,387,071,432.9": 0,
                "[  0-  3%]: -91,513,600,089,389.5": 1
            },
            "forwardLogScores": {
                "[ 97-100%]:  -42,589,556,360,131.2": 4,
                "[ 93- 97%]:  -99,599,416,826,486.3": 0,
                "[ 90- 93%]: -118,902,259,947,929.5": 0,
                "[ 87- 90%]: -125,437,967,096,185.8": 0,
                "[ 83- 87%]: -127,650,877,788,099.1": 0,
                "[ 80- 83%]: -128,400,142,346,516.6": 0,
                "[ 77- 80%]: -128,653,834,183,495.0": 0,
                "[ 73- 77%]: -128,739,731,143,956.3": 0,
                "[ 70- 73%]: -128,768,814,806,656.6": 0,
                "[ 67- 70%]: -128,778,662,179,969.0": 0,
                "[ 63- 67%]: -128,781,996,380,415.3": 0,
                "[ 60- 63%]: -128,783,125,300,002.6": 0,
                "[ 57- 60%]: -128,783,507,538,399.8": 0,
                "[ 53- 57%]: -128,783,636,959,657.0": 0,
                "[ 50- 53%]: -128,783,680,780,115.5": 0,
                "[ 47- 50%]: -128,783,695,617,188.1": 0,
                "[ 43- 47%]: -128,783,700,640,839.8": 0,
                "[ 40- 43%]: -128,783,702,341,787.0": 0,
                "[ 37- 40%]: -128,783,702,917,707.0": 0,
                "[ 33- 37%]: -128,783,703,112,706.4": 0,
                "[ 30- 33%]: -128,783,703,178,730.9": 0,
                "[ 27- 30%]: -128,783,703,201,086.0": 0,
                "[ 23- 27%]: -128,783,703,208,655.1": 0,
                "[ 20- 23%]: -128,783,703,211,217.9": 0,
                "[ 17- 20%]: -128,783,703,212,085.7": 0,
                "[ 13- 17%]: -128,783,703,212,379.5": 0,
                "[ 10- 13%]: -128,783,703,212,479.0": 0,
                "[  7- 10%]: -128,783,703,212,512.6": 0,
                "[  3-  7%]: -128,783,703,212,524.0": 0,
                "[  0-  3%]: -128,783,703,212,527.9": 1
            },
            "backwardLogScores": {
                "[ 97-100%]:                -698.9": 1,
                "[ 93- 97%]:                -702.8": 1,
                "[ 90- 93%]:                -714.2": 0,
                "[ 87- 90%]:                -747.9": 0,
                "[ 83- 87%]:                -847.3": 0,
                "[ 80- 83%]:              -1,141.1": 0,
                "[ 77- 80%]:              -2,008.9": 1,
                "[ 73- 77%]:              -4,571.7": 0,
                "[ 70- 73%]:             -12,140.9": 0,
                "[ 67- 70%]:             -34,495.9": 0,
                "[ 63- 67%]:            -100,520.4": 0,
                "[ 60- 63%]:            -295,519.8": 1,
                "[ 57- 60%]:            -871,439.8": 0,
                "[ 53- 57%]:          -2,572,387.0": 0,
                "[ 50- 53%]:          -7,596,038.7": 0,
                "[ 47- 50%]:         -22,433,111.3": 0,
                "[ 43- 47%]:         -66,253,569.8": 0,
                "[ 40- 43%]:        -195,674,827.0": 0,
                "[ 37- 40%]:        -577,913,224.2": 0,
                "[ 33- 37%]:      -1,706,832,811.5": 0,
                "[ 30- 33%]:      -5,041,033,257.8": 0,
                "[ 27- 30%]:     -14,888,406,570.2": 0,
                "[ 23- 27%]:     -43,972,069,270.5": 0,
                "[ 20- 23%]:    -129,869,029,731.8": 0,
                "[ 17- 20%]:    -383,560,866,710.2": 0,
                "[ 13- 17%]:  -1,132,825,425,127.7": 0,
                "[ 10- 13%]:  -3,345,736,117,041.0": 0,
                "[  7- 10%]:  -9,881,443,265,297.3": 0,
                "[  3-  7%]: -29,184,286,386,740.5": 0,
                "[  0-  3%]: -86,194,146,853,095.6": 1
            }
        }
    },
    "trialString": [
         {"trialIndex":4,"score":-697.9788391554436,"parameters":{"activation":0,"t_max":4,"hidden_size":2,"variance_scaling_factor":0,"permaban_threshold":3,"learning_rate_base":2,