{
    "bestTrial":             {
        "trialIndex": 3,
        "score": 1080.1136651189568,
        "parameters": {
            "t_max": 1,
            "hidden_size": 1,
            "variance_scaling_factor": 0,
            "permaban_threshold": 3,
            "learning_rate_base": 1,
            "learning_rate_exponent": 1,
            "beta_base": 0,
            "beta_exponent": 0
        }
    },
    "scoreRange":             {
        "stats": {
            "count": 17,
            "min": -220.95890348219868,
            "max": 1080.1136651189568,
            "range": 1301.0725686011554,
            "average": 377.84231745610333,
            "median": 1075.7866740601817,
            "sum": 6423.319396753756
        },
        "scoreRange": {
            "linearScores": {
                "[ 97-100%]: 1,058.4": 3,
                "[ 93- 97%]: 1,015.0": 1,
                "[ 90- 93%]:   971.6": 0,
                "[ 87- 90%]:   928.3": 1,
                "[ 83- 87%]:   884.9": 1,
                "[ 80- 83%]:   841.5": 0,
                "[ 77- 80%]:   798.2": 0,
                "[ 73- 77%]:   754.8": 0,
                "[ 70- 73%]:   711.4": 0,
                "[ 67- 70%]:   668.1": 1,
                "[ 63- 67%]:   624.7": 0,
                "[ 60- 63%]:   581.3": 0,
                "[ 57- 60%]:   538.0": 1,
                "[ 53- 57%]:   494.6": 0,
                "[ 50- 53%]:   451.2": 0,
                "[ 47- 50%]:   407.8": 1,
                "[ 43- 47%]:   364.5": 0,
                "[ 40- 43%]:   321.1": 0,
                "[ 37- 40%]:   277.7": 0,
                "[ 33- 37%]:   234.4": 0,
                "[ 30- 33%]:   191.0": 0,
                "[ 27- 30%]:   147.6": 0,
                "[ 23- 27%]:   104.3": 0,
                "[ 20- 23%]:    60.9": 0,
                "[ 17- 20%]:    17.5": 1,
                "[ 13- 17%]:   -25.7": 0,
                "[ 10- 13%]:   -69.1": 0,
                "[  7- 10%]:  -112.5": 1,
                "[  3-  7%]:  -155.9": 3,
                "[  0-  3%]:  -199.2": 3
            },
            "dualLogScores": {
                "[ 97-100%]:  897.2": 6,
                "[ 93- 97%]:  593.3": 2,
                "[ 90- 93%]:  392.2": 1,
                "[ 87- 90%]:  259.2": 0,
                "[ 83- 87%]:  171.2": 0,
                "[ 80- 83%]:  112.9": 0,
                "[ 77- 80%]:   74.3": 0,
                "[ 73- 77%]:   48.8": 0,
                "[ 70- 73%]:   32.0": 0,
                "[ 67- 70%]:   20.8": 0,
                "[ 63- 67%]:   13.4": 0,
                "[ 60- 63%]:    8.5": 0,
                "[ 57- 60%]:    5.3": 1,
                "[ 53- 57%]:    3.1": 0,
                "[ 50- 53%]:    1.7": 0,
                "[ 47- 50%]:    0.8": 0,
                "[ 43- 47%]:    0.2": 0,
                "[ 40- 43%]:    0.2": 0,
                "[ 37- 40%]:    0.9": 0,
                "[ 33- 37%]:   -1.9": 0,
                "[ 30- 33%]:   -3.4": 0,
                "[ 27- 30%]:   -5.7": 0,
                "[ 23- 27%]:   -9.2": 0,
                "[ 20- 23%]:  -14.4": 0,
                "[ 17- 20%]:  -22.3": 0,
                "[ 13- 17%]:  -34.3": 0,
                "[ 10- 13%]:  -52.4": 0,
                "[  7- 10%]:  -79.7": 0,
                "[  3-  7%]: -121.0": 1,
                "[  0-  3%]: -183.4": 6
            },
            "forwardLogScores": {
                "[ 97-100%]:  941.6": 6,
                "[ 93- 97%]:  694.2": 1,
                "[ 90- 93%]:  499.4": 1,
                "[ 87- 90%]:  346.0": 1,
                "[ 83- 87%]:  225.2": 0,
                "[ 80- 83%]:  130.1": 0,
                "[ 77- 80%]:   55.3": 0,
                "[ 73- 77%]:   -3.6": 1,
                "[ 70- 73%]:  -50.0": 0,
                "[ 67- 70%]:  -86.6": 1,
                "[ 63- 67%]: -115.3": 0,
                "[ 60- 63%]: -138.0": 0,
                "[ 57- 60%]: -155.8": 1,
                "[ 53- 57%]: -169.9": 2,
                "[ 50- 53%]: -181.0": 0,
                "[ 47- 50%]: -189.7": 0,
                "[ 43- 47%]: -196.5": 1,
                "[ 40- 43%]: -201.9": 1,
                "[ 37- 40%]: -206.2": 0,
                "[ 33- 37%]: -209.5": 0,
                "[ 30- 33%]: -212.2": 0,
                "[ 27- 30%]: -214.2": 0,
                "[ 23- 27%]: -215.9": 0,
                "[ 20- 23%]: -217.1": 0,
                "[ 17- 20%]: -218.2": 0,
                "[ 13- 17%]: -219.0": 0,
                "[ 10- 13%]: -219.6": 0,
                "[  7- 10%]: -220.1": 0,
                "[  3-  7%]: -220.5": 0,
                "[  0-  3%]: -220.8": 1
            },
            "backwardLogScores": {
                "[ 97-100%]: 1,079.9": 1,
                "[ 93- 97%]: 1,079.6": 0,
                "[ 90- 93%]: 1,079.2": 0,
                "[ 87- 90%]: 1,078.7": 0,
                "[ 83- 87%]: 1,078.1": 0,
                "[ 80- 83%]: 1,077.3": 0,
                "[ 77- 80%]: 1,076.3": 1,
                "[ 73- 77%]: 1,075.0": 0,
                "[ 70- 73%]: 1,073.4": 1,
                "[ 67- 70%]: 1,071.3": 0,
                "[ 63- 67%]: 1,068.7": 0,
                "[ 60- 63%]: 1,065.3": 0,
                "[ 57- 60%]: 1,061.1": 0,
                "[ 53- 57%]: 1,055.7": 0,
                "[ 50- 53%]: 1,048.8": 0,
                "[ 47- 50%]: 1,040.1": 0,
                "[ 43- 47%]: 1,029.0": 0,
                "[ 40- 43%]: 1,015.0": 1,
                "[ 37- 40%]:   997.2": 0,
                "[ 33- 37%]:   974.5": 0,
                "[ 30- 33%]:   945.7": 0,
                "[ 27- 30%]:   909.2": 1,
                "[ 23- 27%]:   862.8": 1,
                "[ 20- 23%]:   803.8": 0,
                "[ 17- 20%]:   728.9": 0,
                "[ 13- 17%]:   633.8": 1,
                "[ 10- 13%]:   513.1": 1,
                "[  7- 10%]:   359.7": 1,
                "[  3-  7%]:   164.8": 0,
                "[  0-  3%]:   -82.5": 8
            }
        }
    },
    "trialString": [
         {"trialIndex":3,"score":1080.1136651189568,"parameters":{"t_max":1,"hidden_size":1,"variance_scaling_factor":0,"permaban_threshold":3,"learning_rate_base":1,"learning_rate_exponent":1,"beta_base":0,"beta_exponent":0}},
         {"trialIndex":8,"score":1075.7866740601817,"parameters":{"t_max":1,"hidden_size":1,"variance_scaling_factor":1,"permaban_threshold":2,"learning_rate_base":1,"learning_rate_exponent":1,"beta_base":0,"beta_exponent":0}},
         {"trialIndex":2,"score":1073.3664747615885,"parameters":{"t_max":1,"hidden_size":0,"variance_scaling_factor":1,"permaban_threshold":0,"learning_rate_base":1,"learning_rate_exponent":0,"beta_base":2,"beta_exponent":0}},
         {"trialIndex":10,"score":1021.8634499586324,"parameters":{"t_max":1,"hidden_size":1,"variance_scaling_factor":0,"permaban_threshold":4,"learning_rate_base":1,"learning_rate_exponent":0,"beta_base":2,"beta_exponent":0}},
         {"trialIndex":13,"score":926.8248925670799,"parameters":{"t_max":1,"hidden_size":1,"variance_scaling_factor":1,"permaban_threshold":2,"learning_rate_base":1,"learning_rate_exponent":0,"beta_base":0,"beta_exponent":2}},
         {"trialIndex":15,"score":871.1286211026721,"parameters":{"t_max":1,"hidden_size":1,"variance_scaling_factor":0,"permaban_threshold":2,"learning_rate_base":1,"learning_rate_exponent":1,"beta_base":2,"beta_exponent":2}},
         {"trialIndex":6,"score":671.1687150442649,"parameters":{"t_max":0,"hidden_size":0,"variance_scaling_factor":2,"permaban_threshold":1,"learning_rate_base":1,"learning_rate_exponent":0,"beta_base":2,"beta_exponent":0}},
         {"trialIndex":7,"score":537.5334524351756,"parameters":{"t_max":0,"hidden_size":1,"variance_scaling_factor":3,"permaban_threshold":1,"learning_rate_base":1,"learning_rate_exponent":1,"beta_base":2,"beta_exponent":2}},
         {"trialIndex":14,"score":386.93246253330625,"parameters":{"t_max":1,"hidden_size":0,"variance_scaling_factor":1,"permaban_threshold":3,"learning_rate_base":1,"learning_rate_exponent":1,"beta_base":0,