{
    "bestTrial":             {
        "trialIndex": 14,
        "score": 567.0168389471071,
        "parameters": {
            "activation": 0,
            "t_max": 2,
            "hidden_size": 3,
            "variance_scaling_factor": 0,
            "permaban_threshold": 1,
            "learning_rate_base": 4,
            "learning_rate_exponent": 4,
            "beta_base": 4,
            "beta_exponent": 6
        }
    },
    "scoreRange":             {
        "stats": {
            "count": 24,
            "min": -257639747597122.2,
            "max": 567.0168389471071,
            "range": 257639747597689.22,
            "average": -16100977159419.766,
            "median": 567.0168389471071,
            "sum": -386423451826074.4
        },
        "scoreRange": {
            "linearScores": {
                "[ 97-100%]:   -4,293,995,792,727.7": 22,
                "[ 93- 97%]:  -12,881,987,379,317.4": 0,
                "[ 90- 93%]:  -21,469,978,965,907.0": 0,
                "[ 87- 90%]:  -30,057,970,552,496.7": 0,
                "[ 83- 87%]:  -38,645,962,139,086.3": 0,
                "[ 80- 83%]:  -47,233,953,725,676.0": 0,
                "[ 77- 80%]:  -55,821,945,312,265.6": 0,
                "[ 73- 77%]:  -64,409,936,898,855.2": 0,
                "[ 70- 73%]:  -72,997,928,485,444.9": 0,
                "[ 67- 70%]:  -81,585,920,072,034.5": 0,
                "[ 63- 67%]:  -90,173,911,658,624.1": 0,
                "[ 60- 63%]:  -98,761,903,245,213.8": 0,
                "[ 57- 60%]: -107,349,894,831,803.4": 0,
                "[ 53- 57%]: -115,937,886,418,393.1": 0,
                "[ 50- 53%]: -124,525,878,004,982.7": 1,
                "[ 47- 50%]: -133,113,869,591,572.4": 0,
                "[ 43- 47%]: -141,701,861,178,162.0": 0,
                "[ 40- 43%]: -150,289,852,764,751.6": 0,
                "[ 37- 40%]: -158,877,844,351,341.3": 0,
                "[ 33- 37%]: -167,465,835,937,930.9": 0,
                "[ 30- 33%]: -176,053,827,524,520.6": 0,
                "[ 27- 30%]: -184,641,819,111,110.2": 0,
                "[ 23- 27%]: -193,229,810,697,699.8": 0,
                "[ 20- 23%]: -201,817,802,284,289.5": 0,
                "[ 17- 20%]: -210,405,793,870,879.1": 0,
                "[ 13- 17%]: -218,993,785,457,468.8": 0,
                "[ 10- 13%]: -227,581,777,044,058.4": 0,
                "[  7- 10%]: -236,169,768,630,648.0": 0,
                "[  3-  7%]: -244,757,760,217,237.7": 0,
                "[  0-  3%]: -253,345,751,803,827.3": 1
            },
            "dualLogScores": {
                "[ 97-100%]:                  359.0": 1,
                "[ 93- 97%]:                   95.4": 0,
                "[ 90- 93%]:                   24.8": 0,
                "[ 87- 90%]:                    5.9": 0,
                "[ 83- 87%]:                    0.8": 0,
                "[ 80- 83%]:                   -2.0": 0,
                "[ 77- 80%]:                  -10.2": 0,
                "[ 73- 77%]:                  -41.1": 0,
                "[ 70- 73%]:                 -156.4": 0,
                "[ 67- 70%]:                 -587.1": 17,
                "[ 63- 67%]:               -2,194.9": 2,
                "[ 60- 63%]:               -8,198.9": 0,
                "[ 57- 60%]:              -30,617.9": 0,
                "[ 53- 57%]:             -114,331.4": 0,
                "[ 50- 53%]:             -426,921.2": 1,
                "[ 47- 50%]:           -1,594,144.2": 1,
                "[ 43- 47%]:           -5,952,603.4": 0,
                "[ 40- 43%]:          -22,227,270.8": 0,
                "[ 37- 40%]:          -82,997,553.5": 0,
                "[ 33- 37%]:         -309,916,308.7": 0,
                "[ 30- 33%]:       -1,157,240,349.0": 0,
                "[ 27- 30%]:       -4,321,183,446.7": 0,
                "[ 23- 27%]:      -16,135,478,154.0": 0,
                "[ 20- 23%]:      -60,250,544,425.5": 0,
                "[ 17- 20%]:     -224,978,030,944.8": 0,
                "[ 13- 17%]:     -840,077,295,399.8": 0,
                "[ 10- 13%]:   -3,136,883,451,601.0": 0,
                "[  7- 10%]:  -11,713,252,867,092.4": 0,
                "[  3-  7%]:  -43,737,771,850,720.7": 0,
                "[  0-  3%]: -163,318,653,509,139.1": 2
            },
            "forwardLogScores": {
                "[ 97-100%]:  -86,199,645,289,992.7": 23,
                "[ 93- 97%]: -200,918,559,162,926.0": 0,
                "[ 90- 93%]: -238,873,466,114,019.5": 0,
                "[ 87- 90%]: -251,430,898,127,905.1": 0,
                "[ 83- 87%]: -255,585,541,399,368.0": 0,
                "[ 80- 83%]: -256,960,110,713,701.1": 0,
                "[ 77- 80%]: -257,414,888,820,135.5": 0,
                "[ 73- 77%]: -257,565,352,768,323.1": 0,
                "[ 70- 73%]: -257,615,133,967,954.1": 0,
                "[ 67- 70%]: -257,631,604,144,807.4": 0,
                "[ 63- 67%]: -257,637,053,324,971.6": 0,
                "[ 60- 63%]: -257,638,856,193,558.0": 0,
                "[ 57- 60%]: -257,639,452,675,054.7": 0,
                "[ 53- 57%]: -257,639,650,021,760.1": 0,
                "[ 50- 53%]: -257,639,715,314,183.0": 0,
                "[ 47- 50%]: -257,639,736,916,269.0": 0,
                "[ 43- 47%]: -257,639,744,063,348.2": 0,
                "[ 40- 43%]: -257,639,746,427,969.0": 0,
                "[ 37- 40%]: -257,639,747,210,306.9": 0,
                "[ 33- 37%]: -257,639,747,469,144.5": 0,
                "[ 30- 33%]: -257,639,747,554,781.2": 0,
                "[ 27- 30%]: -257,639,747,583,114.3": 0,
                "[ 23- 27%]: -257,639,747,592,488.3": 0,
                "[ 20- 23%]: -257,639,747,595,589.7": 0,
                "[ 17- 20%]: -257,639,747,596,615.8": 0,
                "[ 13- 17%]: -257,639,747,596,955.3": 0,
                "[ 10- 13%]: -257,639,747,597,067.6": 0,
                "[  7- 10%]: -257,639,747,597,104.8": 0,
                "[  3-  7%]: -257,639,747,597,117.1": 0,
                "[  0-  3%]: -257,639,747,597,121.1": 1
            },
            "backwardLogScores": {
                "[ 97-100%]:                  566.0": 1,
                "[ 93- 97%]:                  561.9": 0,
                "[ 90- 93%]:                  549.6": 0,
                "[ 87- 90%]:                  512.4": 0,
                "[ 83- 87%]:                  400.1": 0,
                "[ 80- 83%]:                   60.6": 0,
                "[ 77- 80%]:                 -965.4": 19,
                "[ 73- 77%]:               -4,066.8": 0,
                "[ 70- 73%]:              -13,440.8": 0,
                "[ 67- 70%]:              -41,773.8": 0,
                "[ 63- 67%]:             -127,410.6": 0,
                "[ 60- 63%]:             -386,248.2": 1,
                "[ 57- 60%]:           -1,168,586.1": 1,
                "[ 53- 57%]:           -3,533,206.9": 0,
                "[ 50- 53%]:          -10,680,286.1": 0,
                "[ 47- 50%]:          -32,282,372.0": 0,
                "[ 43- 47%]:          -97,574,794.9": 0,
                "[ 40- 43%]:         -294,921,500.4": 0,
                "[ 37- 40%]:         -891,402,997.1": 0,
                "[ 33- 37%]:       -2,694,271,583.5": 0,
                "[ 30- 33%]:       -8,143,451,747.7": 0,
                "[ 27- 30%]:      -24,613,628,601.0": 0,
                "[ 23- 27%]:      -74,394,828,231.9": 0,
                "[ 20- 23%]:     -224,858,776,419.5": 0,
                "[ 17- 20%]:     -679,636,882,853.9": 0,
                "[ 13- 17%]:   -2,054,206,197,187.0": 0,
                "[ 10- 13%]:   -6,208,849,468,649.9": 0,
                "[  7- 10%]:  -18,766,281,482,535.5": 0,
                "[  3-  7%]:  -56,721,188,433,629.1": 0,
                "[  0-  3%]: -171,440,102,306,562.3": 2
            }
        }
    },
    "trialString": [
         {"trialIndex":14,"score":567.0168389471071,"parameters":{"activation":0,"t_max":2,"hidden_size":3,"variance_scaling_factor":0,