{
    "bestTrial":             {
        "trialIndex": 8,
        "score": -474.81943435273513,
        "parameters": {
            "activation": 0,
            "t_max": 5,
            "hidden_size": 2,
            "variance_scaling_factor": 0,
            "permaban_threshold": 0,
            "learning_rate_base": 4,
            "learning_rate_exponent": 4,
            "beta_base": 4,
            "beta_exponent": 5
        }
    },
    "scoreRange":             {
        "stats": {
            "count": 12,
            "min": -257639747597122.2,
            "max": -474.81943435273513,
            "range": 257639747596647.38,
            "average": -32201954318381.453,
            "median": -474.81943435273513,
            "sum": -386423451820577.44
        },
        "scoreRange": {
            "linearScores": {
                "[ 97-100%]:   -4,293,995,793,752.2": 10,
                "[ 93- 97%]:  -12,881,987,380,307.2": 0,
                "[ 90- 93%]:  -21,469,978,966,862.1": 0,
                "[ 87- 90%]:  -30,057,970,553,417.0": 0,
                "[ 83- 87%]:  -38,645,962,139,971.9": 0,
                "[ 80- 83%]:  -47,233,953,726,526.8": 0,
                "[ 77- 80%]:  -55,821,945,313,081.7": 0,
                "[ 73- 77%]:  -64,409,936,899,636.6": 0,
                "[ 70- 73%]:  -72,997,928,486,191.5": 0,
                "[ 67- 70%]:  -81,585,920,072,746.4": 0,
                "[ 63- 67%]:  -90,173,911,659,301.3": 0,
                "[ 60- 63%]:  -98,761,903,245,856.3": 0,
                "[ 57- 60%]: -107,349,894,832,411.2": 0,
                "[ 53- 57%]: -115,937,886,418,966.1": 0,
                "[ 50- 53%]: -124,525,878,005,521.0": 1,
                "[ 47- 50%]: -133,113,869,592,075.9": 0,
                "[ 43- 47%]: -141,701,861,178,630.8": 0,
                "[ 40- 43%]: -150,289,852,765,185.7": 0,
                "[ 37- 40%]: -158,877,844,351,740.6": 0,
                "[ 33- 37%]: -167,465,835,938,295.6": 0,
                "[ 30- 33%]: -176,053,827,524,850.5": 0,
                "[ 27- 30%]: -184,641,819,111,405.4": 0,
                "[ 23- 27%]: -193,229,810,697,960.3": 0,
                "[ 20- 23%]: -201,817,802,284,515.2": 0,
                "[ 17- 20%]: -210,405,793,871,070.1": 0,
                "[ 13- 17%]: -218,993,785,457,625.0": 0,
                "[ 10- 13%]: -227,581,777,044,180.0": 0,
                "[  7- 10%]: -236,169,768,630,734.9": 0,
                "[  3-  7%]: -244,757,760,217,289.8": 0,
                "[  0-  3%]: -253,345,751,803,844.7": 1
            },
            "dualLogScores": {
                "[ 97-100%]:                 -822.4": 6,
                "[ 93- 97%]:               -2,025.4": 2,
                "[ 90- 93%]:               -4,986.2": 0,
                "[ 87- 90%]:              -12,272.7": 0,
                "[ 83- 87%]:              -30,205.1": 0,
                "[ 80- 83%]:              -74,337.5": 0,
                "[ 77- 80%]:             -182,949.3": 1,
                "[ 73- 77%]:             -450,247.4": 0,
                "[ 70- 73%]:           -1,108,079.2": 1,
                "[ 67- 70%]:           -2,727,031.1": 0,
                "[ 63- 67%]:           -6,711,339.5": 0,
                "[ 60- 63%]:          -16,516,889.9": 0,
                "[ 57- 60%]:          -40,648,761.0": 0,
                "[ 53- 57%]:         -100,038,309.1": 0,
                "[ 50- 53%]:         -246,198,480.4": 0,
                "[ 47- 50%]:         -605,904,798.7": 0,
                "[ 43- 47%]:       -1,491,157,150.6": 0,
                "[ 40- 43%]:       -3,669,800,357.1": 0,
                "[ 37- 40%]:       -9,031,532,760.9": 0,
                "[ 33- 37%]:      -22,226,981,324.7": 0,
                "[ 30- 33%]:      -54,701,534,265.6": 0,
                "[ 27- 30%]:     -134,622,772,532.5": 0,
                "[ 23- 27%]:     -331,312,295,487.2": 0,
                "[ 20- 23%]:     -815,373,469,701.5": 0,
                "[ 17- 20%]:   -2,006,668,343,276.2": 0,
                "[ 13- 17%]:   -4,938,495,044,950.6": 0,
                "[ 10- 13%]:  -12,153,843,653,694.6": 0,
                "[  7- 10%]:  -29,911,119,524,049.4": 0,
                "[  3-  7%]:  -73,612,520,999,475.4": 0,
                "[  0-  3%]: -181,163,504,881,229.1": 2
            },
            "forwardLogScores": {
                "[ 97-100%]:  -86,199,645,290,680.1": 11,
                "[ 93- 97%]: -200,918,559,163,145.8": 0,
                "[ 90- 93%]: -238,873,466,114,089.7": 0,
                "[ 87- 90%]: -251,430,898,127,927.6": 0,
                "[ 83- 87%]: -255,585,541,399,375.2": 0,
                "[ 80- 83%]: -256,960,110,713,703.5": 0,
                "[ 77- 80%]: -257,414,888,820,136.3": 0,
                "[ 73- 77%]: -257,565,352,768,323.3": 0,
                "[ 70- 73%]: -257,615,133,967,954.1": 0,
                "[ 67- 70%]: -257,631,604,144,807.4": 0,
                "[ 63- 67%]: -257,637,053,324,971.6": 0,
                "[ 60- 63%]: -257,638,856,193,558.0": 0,
                "[ 57- 60%]: -257,639,452,675,054.7": 0,
                "[ 53- 57%]: -257,639,650,021,760.1": 0,
                "[ 50- 53%]: -257,639,715,314,183.0": 0,
                "[ 47- 50%]: -257,639,736,916,269.0": 0,
                "[ 43- 47%]: -257,639,744,063,348.2": 0,
                "[ 40- 43%]: -257,639,746,427,969.0": 0,
                "[ 37- 40%]: -257,639,747,210,306.9": 0,
                "[ 33- 37%]: -257,639,747,469,144.5": 0,
                "[ 30- 33%]: -257,639,747,554,781.2": 0,
                "[ 27- 30%]: -257,639,747,583,114.3": 0,
                "[ 23- 27%]: -257,639,747,592,488.3": 0,
                "[ 20- 23%]: -257,639,747,595,589.7": 0,
                "[ 17- 20%]: -257,639,747,596,615.8": 0,
                "[ 13- 17%]: -257,639,747,596,955.3": 0,
                "[ 10- 13%]: -257,639,747,597,067.6": 0,
                "[  7- 10%]: -257,639,747,597,104.8": 0,
                "[  3-  7%]: -257,639,747,597,117.1": 0,
                "[  0-  3%]: -257,639,747,597,121.1": 1
            },
            "backwardLogScores": {
                "[ 97-100%]:                 -475.8": 1,
                "[ 93- 97%]:                 -479.8": 0,
                "[ 90- 93%]:                 -492.1": 0,
                "[ 87- 90%]:                 -529.3": 1,
                "[ 83- 87%]:                 -641.6": 3,
                "[ 80- 83%]:                 -981.1": 1,
                "[ 77- 80%]:               -2,007.2": 2,
                "[ 73- 77%]:               -5,108.6": 0,
                "[ 70- 73%]:              -14,482.6": 0,
                "[ 67- 70%]:              -42,815.7": 0,
                "[ 63- 67%]:             -128,452.4": 0,
                "[ 60- 63%]:             -387,290.0": 1,
                "[ 57- 60%]:           -1,169,628.0": 1,
                "[ 53- 57%]:           -3,534,248.7": 0,
                "[ 50- 53%]:          -10,681,327.9": 0,
                "[ 47- 50%]:          -32,283,413.9": 0,
                "[ 43- 47%]:          -97,575,836.8": 0,
                "[ 40- 43%]:         -294,922,542.2": 0,
                "[ 37- 40%]:         -891,404,038.9": 0,
                "[ 33- 37%]:       -2,694,272,625.3": 0,
                "[ 30- 33%]:       -8,143,452,789.5": 0,
                "[ 27- 30%]:      -24,613,629,642.8": 0,
                "[ 23- 27%]:      -74,394,829,273.6": 0,
                "[ 20- 23%]:     -224,858,777,460.6": 0,
                "[ 17- 20%]:     -679,636,883,893.5": 0,
                "[ 13- 17%]:   -2,054,206,198,221.7": 0,
                "[ 10- 13%]:   -6,208,849,469,669.4": 0,
                "[  7- 10%]:  -18,766,281,483,507.2": 0,
                "[  3-  7%]:  -56,721,188,434,451.2": 0,
                "[  0-  3%]: -171,440,102,306,916.8": 2
            }
        }
    },
    "trialString": [
         {"trialIndex":8,"score":-474.81943435273513,"parameters":{"activation":0,"t_max":5,"hidden_size":2,"variance_scaling_factor":0,