{
    "bestTrial":             {
        "trialIndex": 49,
        "score": 1766.2827098679768,
        "parameters": {
            "t_max": 1,
            "hidden_size": 1,
            "variance_scaling_factor": 2,
            "permaban_threshold": 2,
            "learning_rate_base": 0,
            "learning_rate_exponent": 0,
            "beta_base": 2,
            "beta_exponent": 2
        }
    },
    "scoreRange":             {
        "stats": {
            "count": 59,
            "min": -703.022647918666,
            "max": 1766.2827098679768,
            "range": 2469.305357786643,
            "average": 694.4216406254926,
            "median": -174.94049021320282,
            "sum": 40970.876796904064
        },
        "scoreRange": {
            "linearScores": {
                "[ 97-100%]: 1,725.1": 1,
                "[ 93- 97%]: 1,642.8": 0,
                "[ 90- 93%]: 1,560.5": 3,
                "[ 87- 90%]: 1,478.1": 2,
                "[ 83- 87%]: 1,395.8": 1,
                "[ 80- 83%]: 1,313.5": 0,
                "[ 77- 80%]: 1,231.2": 1,
                "[ 73- 77%]: 1,148.9": 4,
                "[ 70- 73%]: 1,066.6": 7,
                "[ 67- 70%]:   984.3": 8,
                "[ 63- 67%]:   902.0": 8,
                "[ 60- 63%]:   819.7": 2,
                "[ 57- 60%]:   737.4": 0,
                "[ 53- 57%]:   655.0": 3,
                "[ 50- 53%]:   572.7": 1,
                "[ 47- 50%]:   490.4": 0,
                "[ 43- 47%]:   408.1": 1,
                "[ 40- 43%]:   325.8": 0,
                "[ 37- 40%]:   243.5": 1,
                "[ 33- 37%]:   161.2": 0,
                "[ 30- 33%]:    78.9": 0,
                "[ 27- 30%]:    -3.3": 1,
                "[ 23- 27%]:   -85.6": 1,
                "[ 20- 23%]:  -168.0": 11,
                "[ 17- 20%]:  -250.3": 2,
                "[ 13- 17%]:  -332.6": 0,
                "[ 10- 13%]:  -414.9": 0,
                "[  7- 10%]:  -497.2": 0,
                "[  3-  7%]:  -579.5": 0,
                "[  0-  3%]:  -661.8": 1
            },
            "dualLogScores": {
                "[ 97-100%]: 1,436.1": 12,
                "[ 93- 97%]:   899.1": 25,
                "[ 90- 93%]:   562.8": 4,
                "[ 87- 90%]:   352.1": 1,
                "[ 83- 87%]:   220.2": 1,
                "[ 80- 83%]:   137.5": 0,
                "[ 77- 80%]:    85.7": 0,
                "[ 73- 77%]:    53.3": 0,
                "[ 70- 73%]:    33.0": 0,
                "[ 67- 70%]:    20.3": 0,
                "[ 63- 67%]:    12.3": 0,
                "[ 60- 63%]:     7.3": 0,
                "[ 57- 60%]:     4.2": 1,
                "[ 53- 57%]:     2.2": 0,
                "[ 50- 53%]:     1.0": 0,
                "[ 47- 50%]:     0.2": 0,
                "[ 43- 47%]:     0.3": 0,
                "[ 40- 43%]:    -1.0": 0,
                "[ 37- 40%]:    -2.3": 0,
                "[ 33- 37%]:    -4.3": 0,
                "[ 30- 33%]:    -7.4": 0,
                "[ 27- 30%]:   -12.5": 0,
                "[ 23- 27%]:   -20.6": 0,
                "[ 20- 23%]:   -33.5": 0,
                "[ 17- 20%]:   -54.2": 0,
                "[ 13- 17%]:   -87.1": 1,
                "[ 10- 13%]:  -139.6": 5,
                "[  7- 10%]:  -223.6": 8,
                "[  3-  7%]:  -357.6": 0,
                "[  0-  3%]:  -571.5": 1
            },
            "forwardLogScores": {
                "[ 97-100%]: 1,483.1": 8,
                "[ 93- 97%]:   981.6": 29,
                "[ 90- 93%]:   595.2": 4,
                "[ 87- 90%]:   297.3": 2,
                "[ 83- 87%]:    67.7": 1,
                "[ 80- 83%]:  -109.1": 10,
                "[ 77- 80%]:  -245.5": 4,
                "[ 73- 77%]:  -350.6": 0,
                "[ 70- 73%]:  -431.6": 0,
                "[ 67- 70%]:  -494.1": 0,
                "[ 63- 67%]:  -542.2": 0,
                "[ 60- 63%]:  -579.3": 0,
                "[ 57- 60%]:  -607.9": 0,
                "[ 53- 57%]:  -629.9": 0,
                "[ 50- 53%]:  -646.9": 0,
                "[ 47- 50%]:  -660.0": 0,
                "[ 43- 47%]:  -670.1": 0,
                "[ 40- 43%]:  -677.8": 0,
                "[ 37- 40%]:  -683.8": 0,
                "[ 33- 37%]:  -688.4": 0,
                "[ 30- 33%]:  -692.0": 0,
                "[ 27- 30%]:  -694.7": 0,
                "[ 23- 27%]:  -696.9": 0,
                "[ 20- 23%]:  -698.5": 0,
                "[ 17- 20%]:  -699.7": 0,
                "[ 13- 17%]:  -700.7": 0,
                "[ 10- 13%]:  -701.5": 0,
                "[  7- 10%]:  -702.0": 0,
                "[  3-  7%]:  -702.5": 0,
                "[  0-  3%]:  -702.8": 1
            },
            "backwardLogScores": {
                "[ 97-100%]: 1,766.1": 1,
                "[ 93- 97%]: 1,765.7": 0,
                "[ 90- 93%]: 1,765.3": 0,
                "[ 87- 90%]: 1,764.7": 0,
                "[ 83- 87%]: 1,764.0": 0,
                "[ 80- 83%]: 1,763.0": 0,
                "[ 77- 80%]: 1,761.8": 0,
                "[ 73- 77%]: 1,760.1": 0,
                "[ 70- 73%]: 1,758.0": 0,
                "[ 67- 70%]: 1,755.3": 0,
                "[ 63- 67%]: 1,751.7": 0,
                "[ 60- 63%]: 1,747.1": 0,
                "[ 57- 60%]: 1,741.1": 0,
                "[ 53- 57%]: 1,733.3": 0,
                "[ 50- 53%]: 1,723.2": 0,
                "[ 47- 50%]: 1,710.1": 0,
                "[ 43- 47%]: 1,693.2": 0,
                "[ 40- 43%]: 1,671.1": 0,
                "[ 37- 40%]: 1,642.5": 0,
                "[ 33- 37%]: 1,605.4": 1,
                "[ 30- 33%]: 1,557.3": 2,
                "[ 27- 30%]: 1,494.9": 0,
                "[ 23- 27%]: 1,413.9": 3,
                "[ 20- 23%]: 1,308.7": 0,
                "[ 17- 20%]: 1,172.4": 6,
                "[ 13- 17%]:   995.4": 18,
                "[ 10- 13%]:   765.8": 8,
                "[  7- 10%]:   468.0": 3,
                "[  3-  7%]:    81.5": 4,
                "[  0-  3%]:  -419.8": 13
            }
        }
    },
    "trialString": [
         {"trialIndex":49,"score":1766.2827098679768,"parameters":{"t_max":1,"hidden_size":1,"variance_scaling_factor":2,"permaban_threshold":2,"learning_rate_base":0,"learning_rate_exponent":0,"beta_base":2,"beta_exponent":2}},
         {"trialIndex":43,"score":1595.796750072515,"parameters":{"t_max":1,"hidden_size":1,"variance_scaling_factor":2,"permaban_threshold":1,"learning_rate_base":0,"learning_rate_exponent":0,"beta_base":0,"beta_exponent":1}},
         {"trialIndex":54,"score":1555.041705929,"parameters":{"t_max":1,"hidden_size":1,"variance_scaling_factor":2,"permaban_threshold":3,"learning_rate_base":0,"learning_rate_exponent":0,"beta_base":0,"beta_exponent":1}},
         {"trialIndex":34,"score":1541.9410620173787,"parameters":{"t_max":1,"hidden_size":0,"variance_scaling_factor":3,"permaban_threshold":4,"learning_rate_base":0,"learning_rate_exponent":0,"beta_base":1,"beta_exponent":1}},
         {"trialIndex":39,"score":1443.9397838498148,"parameters":{"t_max":1,"hidden_size":1,"variance_scaling_factor":3,"permaban_threshold":2,"learning_rate_base":0,"learning_rate_exponent":0,"beta_base":0,"beta_exponent":1}},
         {"trialIndex":37,"score":1442.2119834137832,"parameters":{"t_max":1,"hidden_size":1,"variance_scaling_factor":2,"permaban_threshold":2,"learning_rate_base":0,"learning_rate_exponent":0,"beta_base":0,"beta_exponent":0}},
         {"trialIndex":38,"score":1435.9931232793065,"parameters":{"t_max":1,"hidden_size":1,"variance_scaling_factor":2,"permaban_threshold":2,"learning_rate_base":0,"learning_rate_exponent":0,"beta_base":0,"beta_exponent":1}},
         {"trialIndex":51,"score":1211.3660738006718,"parameters":{"t_max":1,"hidden_size":1,"variance_scaling_factor":2,"permaban_threshold":2,"learning_rate_base":0,"learning_rate_exponent":0,"beta_base":2,"beta_exponent":2}},
         {"trialIndex":21,"score":1182.319212089124,"parameters":{"t_max":1,"hidden_size":0,"variance_scaling_factor":1,"permaban_threshold":0,